"scenario","phase","repeats","timed_frames_min","timed_frames_max","raw_instances","visible_min","visible_max","lights_min","lights_max","wall_median_ms","wall_p95_ms","wall_p99_ms","gpu_median_ms","gpu_p95_ms","gpu_p99_ms","wait_median_ms","view_median_ms","gather_median_ms","plan_median_ms","upload_median_ms","measured_frames_per_second","private_peak_bytes","working_set_peak_bytes","vma_peak_bytes","draws_median","dispatches_median","shadow_faces_median","shadow_cache_hits_median","batches_median","asset_upload_max_bytes","dynamic_upload_median_bytes","wall_run_median_min_ms","wall_run_median_max_ms"
"empty","baseline","3","4168","4414","0","0","0","0","0","0,772","2,8222","6,32925","0,291249992889","1,14838538863","2,50859368876","0,628","0,002","0","0,001","0,004","856,7780944735314","286654464","230379520","62503872","2","0","0","0","0","0","272","0,744","0,808"
"empty","candidate","3","4475","4821","0","0","0","0","0","0,775","2,5298","7,02655","0,334531241833","1,06105726576","2,04002078353","0,635","0,002","0,001","0,001","0,004","912,3937957221891","286478336","230645760","62503872","2","0","0","0","0","0","272","0,743","0,809"
"small","baseline","3","635","731","40","40","40","5","5","5,8","16,7401","28,3608","5,18973945663","15,2690152522","25,5440827097","5,431","0,01","0,038","0,101","0,008","132,10514850337458","286801920","230301696","75980672","11","1","0","5","1","0","7232","5,706","6,283"
"small","candidate","3","644","775","40","40","40","5","5","5,884","14,9894","26,86412","5,34380195287","13,9021767439","25,5659379175","5,582","0,01","0,031","0,094","0,008","133,3575463327771","286412800","229961728","75980672","11","1","0","5","1","0","7232","5,087","6,174"
"instances-1000","baseline","3","1087","1689","1004","1004","1004","2","2","2,574","9,0817","20,2793","1,78666662305","6,81587222943","13,9226236184","0,1965","0,069","0,455","1,144","0,012","282,7662942577245","288845824","232292352","71217344","11","1","0","2","1","0","133472","2,523","2,6265"
"instances-1000","candidate","3","1546","1746","1004","1004","1004","2","2","2,431","7,062","16,53248","1,78114578985","4,99010404484","14,1059215306","0,245","0,062","0,416","1,094","0,013","313,3966779952133","288862208","232345600","71217344","11","1","0","2","1","0","133472","2,39","2,4985"
"instances-10000-visible","baseline","3","262","298","10004","10004","10004","2","2","16,471","28,9166","44,22572","5,78817694202","23,3226895348","34,3845210355","0,001","0,608","4,7125","7,988","0,109","56,59363506279511","308834304","244408320","73683136","11","1","0","2","1","0","1321472","15,9055","16,711"
"instances-10000-visible","candidate","3","215","311","10004","10004","10004","2","2","16,416","29,68945","53,47512","5,82499985779","27,7233743232","43,601978623","0,001","0,567","4,441","8,286999999999999","0,113","55,487881187273","308772864","244252672","73683136","11","1","0","2","1","0","1321472","14,901","16,68"
"instances-10000-culled","baseline","3","583","778","10004","104","104","2","2","5,45","13,5516","27,10064","2,16708328043","9,3373226887","24,2692410742","0,001","0,3245","2,77","0,995","0,11","149,56303233157388","303570944","241299456","73499584","11","1","0","2","1","0","1281872","5,4005","5,835"
"instances-10000-culled","candidate","3","838","868","10004","104","104","2","2","5,0925","10,59165","15,14447","2,44934889853","7,57238523179","11,8866142931","0,001","0,32","2,726","0,647","0,107","171,82576348712504","303738880","241172480","73499584","11","1","0","2","1","0","1281872","4,928","5,144"
"instances-10000-moving","baseline","3","214","226","10004","10004","10004","2","2","20,8545","35,1545","59,62081","7,09132795187","32,3350122314","49,519511291","0,001","1,746","4,775","10,874500000000001","0,117","44,343311510564895","308408320","244019200","73789376","32","1","9","0","1","0","1426806","20,838","21,4745"
"instances-10000-moving","candidate","3","222","257","10004","10004","10004","2","2","19,37","33,1027","66,91769","6,81403629198","29,8094159389","55,3326392741","0,001","1,74","4,005","9,861","0,116","46,551521245774644","309022720","244400128","73789376","32","1","9","0","1","0","1426808","18,51","19,7725"
"lights-1","baseline","3","923","994","40","40","40","2","2","4,2985","10,4114","25,40006","3,55760407981","9,05121852902","22,7988577767","3,967","0,009","0,033","0,052","0,008","188,70715607920903","286785536","230313984","70948032","11","1","0","2","1","0","6224","4,0195","4,326"
"lights-1","candidate","3","923","1120","40","40","40","2","2","3,69","8,22465","16,52342","3,05468742542","7,44352846411","14,3026230883","3,3485","0,008","0,028","0,048","0,007","221,73374212245935","286793728","230371328","70948032","11","1","0","2","1","0","6224","3,6235","4,311"
"lights-8","baseline","3","421","545","40","40","40","9","9","8,6965","16,90465","31,35252","8,35348937939","16,109942315","28,1044159805","8,337","0,011","0,037","0,159","0,009","98,78611067283938","286830592","230264832","82693504","11","1","0","9","1","0","8576","7,795","10,157"
"lights-8","candidate","3","417","465","40","40","40","9","9","9,321","25,3004","42,23644","8,77395811913","23,2705723485","41,9119927268","8,899","0,011","0,031","0,156","0,01","83,68016999656493","286793728","230301696","82693504","11","1","0","9","1","0","8576","8,797","9,948"
"lights-32","baseline","3","134","170","40","40","40","33","33","27,072","62,2755","92,66275","26,6234628917","60,6369125821","92,1771930621","25,9125","0,013","0,047","0,5455000000000001","0,011","29,04730991072329","422187008","364806144","135402880","58","2","24","29","2","0","17572","26,5105","30,11"
"lights-32","candidate","3","164","177","40","40","40","33","33","27,0565","50,2512","73,85239","26,3683847729","47,0821342672","68,4441181207","25,8385","0,013","0,038","0,517","0,010499999999999999","33,833013777201245","422252544","364748800","135402880","58","2","24","29","2","0","17572","24,588","27,6875"
"lights-128","baseline","3","35","44","40","40","40","129","129","121,119","186,3544","206,8706","117,515101298","192,599745298","208,96514594","112,908","0,016","0,175","3,4975","0,018","7,782441256038127","425492480","367792128","135518144","1336","5","768","1","5","0","78420","110,9485","130,5"
"lights-128","candidate","3","29","42","40","40","40","129","129","134,0715","256,1443","358,20632","131,181975964","247,649556454","357,679990747","128,1305","0,0165","0,1875","3,4355","0,017","6,7189891478444395","425422848","367734784","135518144","1336","5","768","1","5","0","78420","106,299","138,616"
"moving-lights-32","baseline","3","150","160","40","40","40","33","33","28,721","56,97785","71,42503","28,0542701484","52,7346497542","70,3789529693","26,599","0,024","0,0575","0,876","0,011","30,32406853239488","422539264","365162496","135409664","344","2","192","1","2","0","24050","28,4045","29,3325"
"moving-lights-32","candidate","3","125","150","40","40","40","33","33","33,699","81,176","100,68328","31,8923950547","77,3280085288","99,4981829875","31,595","0,023","0,054","0,828","0,011","25,759243724578972","422531072","365174784","135409664","345","2","192","1","2","0","24056","29,5835","34,189"
"moving-casters","baseline","3","599","715","40","40","40","5","5","6,687","15,5601","30,77118","6,02236964464","14,0943199684","28,6365852384","6,112","0,016","0,039","0,17","0,009","121,91924069496366","286797824","230273024","75982016","64","1","27","0","1","0","8588","6,008","6,8425"
"moving-casters","candidate","3","569","675","40","40","40","5","5","6,4895","15,40965","28,62055","5,97843735404","14,1593928835","26,0712149885","5,939","0,018","0,035","0,162","0,008","124,75329236733766","286728192","230268928","75982016","64","1","27","0","1","0","8588","6,36","6,779"
"pool-overflow","baseline","3","269","324","40","40","40","9","9","15,3905","29,51045","39,17739","14,8177079716","29,1911841832","37,8381459512","14,6185","0,012","0,047","0,2675","0,01","57,51461380434607","286470144","229916672","86742208","115","8","48","1","8","0","10412","13,804","15,995"
"pool-overflow","candidate","3","249","269","40","40","40","9","9","15,302","38,3362","59,44084","14,8030204719","40,6214781749","58,2107110788","14,474","0,012","0,043","0,259","0,01","50,0832459370715","286859264","230232064","86742208","115","8","48","1","8","0","10412","14,77","16,377"
"pool-resident","baseline","3","347","419","40","40","40","9","9","8,816","29,829","56,6103","8,17609355039","28,4583847219","54,286300758","8,365","0,011","0,04","0,157","0,009","78,19558976873704","286842880","230260736","82693504","11","1","0","9","1","0","8576","8,598","10,014"
"pool-resident","candidate","3","497","552","40","40","40","9","9","7,866","18,454","27,01184","7,46421856777","17,4172912414","26,4753024786","7,459","0,01","0,03","0,156","0,009","104,04511843669513","286556160","230080512","82693504","11","1","0","9","1","0","8576","7,6375","8,591"
